id,name,brand,mount,price,bh_current_price,bh_list_price,bh_savings,sensorSize,megapixels,maxVideoResolution,frameRates,bitDepth,autofocus,autofocusDetails,stabilization,stabilizationDetails,weightGrams,lowLightPerformance,rawVideo,dualSlots,batteryType,batteryMinutes,cardType,cardSlots,bh_rating,bh_ratings_sampled,bh_review_count,bh_in_stock,bh_sku,bh_mfr,bhLink,amazonLink,adoramaLink,bh_image_500,productImage,bh_key_features,bh_description,notablePros,notableCons,primaryUseCases,experienceLevel
sony-fx3,Sony FX3A,Sony,Sony E,4298,4298,,170,Full Frame,12.1,4K,4K120 | 4K60 | 1080p240,8/10-bit,excellent,"Real-time Eye AF, subject tracking",True,5-axis IBIS + Active Mode,640,excellent,False,True,NP-FZ100,95,CFexpress Type A,2,5.0,2,43,Yes,SOFX3A,ILME-FX3A,https://www.bhphotovideo.com/c/product/1894322-REG/sony_ilme_fx3a_fx3_full_frame_cinema_camera.html,https://www.amazon.com/dp/B0F7RXXGH1,https://www.adorama.com/isofx3a.html,https://static.bhphoto.com/images/images500x500/1746547141_1894322.jpg,images/sony-fx3.png,"12.1MP Full-Frame CMOS Exmor R Sensor | UHD 4K up to 120 \| 1080p up to 240 | Compact Form for Cage-Free Operation | 10-Bit 4:2:2 XAVC S-I,16-Bit Raw Output | free"" design, offering the ability to secure various accessories directly to the camera body. | REG/sony_ilme_fx3a_fx3_full_frame_cinema_camera.html/overview)",)  In Stock  $4;298.00  +  Save the Tax‡\\ or Pay$359/mo.suggested payments for 12 Mos.§when you use the Payboo credit card. Learn More  1  Add to Cart  Add to Wish List  Free 2-Day Shipping  Protect Your Gear  Add a protection plan from$179.99  See Options  Used from$4;039.95  Lens Options  No Lens\\ \\ $4;298.00  24-50mm f/2.8\\ \+ $1;198.00  Kit Options See Kits & Details  ![\\ No Kit\\ \\ $4;298.00](https://www.bhphotovideo.com/c/product/1894322-REG/sonyilmefx3afx3fullframecinemacamera.html)  ![\\ Monitor Control Kit\\ \+ $500.00](https://www.bhphotovideo.com/c/product/1878701-REG/sonyfx3fullframecinemacamera.html),"Real-time Eye AF with subject tracking across the full frame | Clean usable footage up to ISO 51200+, dual base ISO | Compact 640g cinema body with 1/4""-20 and ARRI-standard mounting points","Maximum 4K resolution, no 6K or 8K oversampling | Requires CFexpress Type A cards for top recording modes | No built-in ND filters",wedding | commercial | documentary | music video | narrative film | YouTube/content,intermediate | advanced | professional
sony-fx6,Sony FX6,Sony,Sony E,6998,6998,,70,Full Frame,10.2,4K,4K120 | 4K60 | 1080p240,8/10-bit,excellent,Real-time tracking AF,True,Electronic stabilization,890,excellent,False,True,NP-FZ100,130,SD UHS-II,2,5.0,2,68,Yes,SOFX6,ILME-FX6V,https://www.bhphotovideo.com/c/product/1592066-REG/sony_pxw_fx6_cinema_camera_body.html,https://www.amazon.com/dp/B08LBGTZ1K,https://www.adorama.com/sofx6vk.html,,images/sony-fx6.png,"4K Full-Frame 10.2MP CMOS Exmor R Sensor | DCI 4K60p \| UHD 4K120 \| 1080p240 | 15+ Stops of Dynamic Range in S-Log 3 EI | 1.3x and 2.0x Anamorphic De-Squeeze | Frame Camera** from **Sony** was developed to offer versatile, cine-style imaging in a truly compact form. With the ability to capture up to 15+ stops of dynamic range, Sony's S-Cinetone gamma for filmlike skin tones, and up to 10-bit, 4:2:2 XAVC-I recording, the FX6 is poised to both supplement your FX9 or VENICE capture and to nimbly take on documentary, gimbal, and drone shoots on its own. | REG/sony_pxw_fx6_cinema_camera_body.html/overview)",)  In Stock  $6;998.00  +  Save the Tax‡\\ or Pay$584/mo.suggested payments for 12 Mos.§when you use the Payboo credit card. Learn More  1  Add to Cart  Add to Wish List  Free 2-Day Shipping  Protect Your Gear  Add a protection plan from$179.99  See Options  Upgraded Model Available\\ \\ Sony FX6 Digital Cinema Camera Kit with 24-105mm Lens$8;298.00\\ \\ See Details  Configuration  Body Only\\ \\ $6;998.00  With 24-105mm Lens\\ \+ $1;300.00,Built-in electronic variable ND filter (2-7 stops) | Dual Base ISO (800/12800) for flexible exposure in mixed lighting | Full-size XLR audio inputs with phantom power on detachable handle,"No optical IBIS, electronic stabilization only | Similar image quality to FX3 at a higher price | 890g body may need shoulder rig for extended handheld use",commercial | documentary | wedding | narrative film | music video,advanced | professional
sony-fx30,Sony FX30,Sony,Sony E,1798,1798,2098,736,APS-C (Super 35),20.1,4K,4K120 | 4K60 | 1080p240,8/10-bit,excellent,"Real-time Eye AF, subject tracking",True,5-axis IBIS,562,good,False,True,NP-FZ100,95,CFexpress Type A,2,5.0,2,137,Yes,SOFX30,ILME-FX30B,https://www.bhphotovideo.com/c/product/1729317-REG/sony_ilme_fx30_fx30_digital_cinema_camera.html,https://www.amazon.com/dp/B0BG2BB77N,https://www.adorama.com/isofx30.html,,images/sony-fx30.png,"26.1MP APS-C BSI CMOS Sensor | UHD 4K up to 120p | Compact Form Designed for Cage-Free Use | 10-Bit 4:2:2 XAVC S-I,16-Bit Raw Output | C sensor, the **Sony FX30** provides everyday content creators and aspiring filmmakers with a powerful, yet accessible cinema camera with which to push their cinematic journey to new heights. It blends an imaging pipeline designed for cinematic capture with a comprehensive feature set and intuitive operation to create a complete system for all levels of filmmaking. | REG/sony_ilme_fx30_fx30_digital_cinema_camera.html/overview)",)  In Stock  $1;798.00  ~~$2;098.00~~  Instant Savings$300.00  +  Save the Tax‡\\ or Pay$150/mo.suggested payments for 12 Mos.§when you use the Payboo credit card. Learn More  Special Offers  $50 Cashback Campaign Via registration  Offer expires:      1  Add to Cart  Add to Wish List  Free Next Day Delivery  Protect Your Gear  Add a protection plan from$95.99  See Options  Style  Body Only\\ \\ $1;798.00  With 18-50mm Lens\\ \+ $659.00  With 10-20mm Lens\\ \+ $848.00  With 11mm Lens\\ \+ $648.00  With 15mm Lens\\ \+ $848.00  Configuration  Base\\ \\ $1;798.00  With XLR Handle Unit\\ \+ $400.00  Savings Available:  Save Up to $736.50  Build Bundle  Video Chat  Chat  Request Callback  Email  800-606-6969  - Overview - [,"Cinema-style body with S-Cinetone, S-Log3, and 10-bit 4:2:2 at $1,798 | Same Real-time AF system as the FX3 and A7S III | S-Cinetone color profile produces broadcast-ready color with minimal grading","APS-C sensor has a 1.5x crop factor, narrowing field of view | No built-in ND filters | CFexpress Type A cards required for highest-quality recording modes",YouTube/content | documentary | wedding | commercial | social media | music video,beginner | intermediate | advanced
sony-a7siii,Sony A7S III,Sony,Sony E,3698,3698,3998,1902,Full Frame,12.1,4K,4K120 | 4K60 | 1080p240,8/10-bit,excellent,"Real-time Eye AF, subject tracking",True,5-axis IBIS,699,excellent,False,True,NP-FZ100,95,CFexpress Type A,2,3.0,2,270,Yes,SOA7S3,ILCE7SM3,https://www.bhphotovideo.com/c/product/1577838-REG/sony_ilce7sm3_b_alpha_a7s_iii_mirrorless.html,https://www.amazon.com/dp/B08HGMSYNY,https://www.adorama.com/isoa7sm3.html,https://static.bhphoto.com/images/images500x500/1595930779_1577838.jpg,images/sony-a7siii.png,"12MP Full-Frame Exmor R BSI CMOS Sensor | UHD 4K 120p Video, 10-Bit 4:2:2 Internal | 16-Bit Raw Output, HLG & S-Cinetone | 759-Point Fast Hybrid AF | frame mirrorless camera is capable of. A revised 12.1MP Exmor R BSI CMOS sensor and updated BIONZ XR image processor offer faster performance, improved noise reduction, and a wider dynamic range, along with UHD 4K 120p video recording and internal 10-bit 4:2:2 sampling. | REG/sony_ilce7sm3_b_alpha_a7s_iii_mirrorless.html/overview)",)  In Stock  $3;698.00  ~~$3;998.00~~  Instant Savings$300.00  +  Save the Tax‡\\ or Pay$309/mo.suggested payments for 12 Mos.§when you use the Payboo credit card. Learn More  Special Offers  $50 Cashback Campaign Via registration  Offer expires:      1  Add to Cart  Add to Wish List  Free Next Day Delivery  Protect Your Gear  Add a protection plan from$155.99  See Options  Used for$3;099.95  Lens Options  No Lens\\ \\ $3;698.00  50mm f/1.4\\ \+ $1;448.00  16-35mm f/2.8 II\\ \+ $2;648.00  20-70mm f/4\\ \+ $1;148.00  24-70mm f/2.8 II\\ \+ $2;448.00  Kit Options See Kits & Details  ![\\ No Kit\\ \\ $3;698.00](https://www.bhphotovideo.com/c/product/1577838-REG/sonyilce7sm3balphaa7siiimirrorless.html)  ![\\ Basic Bundle\\ \+ $0](https://www.bhphotovideo.com/c/product/1715091-REG/sonysonya7siii,Excellent low-light performance with clean output up to ISO 51200+ | 9.44M-dot OLED EVF for precise focus and exposure evaluation | Standard mirrorless form factor supports both photo and video workflows,Released 2020. The FX3 offers similar image quality in a cinema body | 12.1MP limits print and crop flexibility for stills | No built-in ND filters,wedding | documentary | YouTube/content | commercial | music video,intermediate | advanced | professional
sony-a7cii,Sony A7C II,Sony,Sony E,2198,2298,2498,1852,Full Frame,33,4K,4K60 | 4K30 | 1080p120,8/10-bit,excellent,AI-based Real-time Recognition AF,True,5-axis IBIS,514,good,False,False,NP-FZ100,80,SD UHS-II,1,5.0,2,88,Yes,SOA7C2S,ILCE-7CM2,https://www.bhphotovideo.com/c/product/1784819-REG/sony_a7c_ii_mirrorless_camera.html,https://www.amazon.com/dp/B0CHFKZXQF,https://www.adorama.com/isoa7c2b.html,https://static.bhphoto.com/images/images500x500/1693305340_1784818.jpg,images/sony-a7cii.png,"33MP Full-Frame Exmor R BSI Sensor | BIONZ XR Image Processor | Shooting Up to 10 fps, ISO 50-204800 | 10-Bit Full-Frame 4K30p Video | frame sensor combination of its first-generation predecessor, the silver **Sony a7C II** offers improved resolution, autofocus, in-body image stabilization, and video capabilities in the same compact, all-day, everyday form factor. | REG/sony_a7c_ii_mirrorless_camera.html/overview)",)  In Stock  $2;298.00  ~~$2;498.00~~  Instant Savings$200.00  +  Save the Tax‡\\ or Pay$192/mo.suggested payments for 12 Mos.§when you use the Payboo credit card. Learn More  Special Offers  $50 Cashback Campaign Via registration  Offer expires:      1  Add to Cart  Add to Wish List  Free Next Day Delivery  Protect Your Gear  Add a protection plan from$119.99  See Options  Used for$1;975.95  Color  ![\\ Black\\ \+ $0](https://www.bhphotovideo.com/c/product/1784818-REG/sonya7ciimirrorlesscamera.html)  ![\\ Silver\\ \\ $2;298.00](https://www.bhphotovideo.com/c/product/1784819-REG/sonya7ciimirrorlesscamera.html)  Lens Options  No Lens\\ \\ $2;298.00  24mm f/2.8\\ \+ $748.00  40mm f/2.5\\ \+ $748.00  16-25mm f/2.8\\ \+ $1;298.00  24-50mm f/2.8\\ \+ $1;198.00  28-60mm f/4-5.6\\ \+ $300.00  Kit,"514g full-frame body, one of the lightest in its class | 33MP sensor with 4K60 10-bit and S-Log3 in a compact form factor | AI-based Real-time Recognition AF tracks humans, animals, birds, insects, cars, and trains","No 4K120. Maximum is 4K60 | Single SD card slot, no backup recording | Small grip can feel cramped with lenses over 300g",YouTube/content | wedding | travel | social media | documentary,beginner | intermediate | advanced
sony-a7iv,Sony A7 IV,Sony,Sony E,2498,1998,2498,2532,Full Frame,33,4K,4K60 | 4K30 | 1080p120,8/10-bit,excellent,Real-time tracking AF,True,5-axis IBIS,658,good,False,True,NP-FZ100,100,CFexpress Type A,2,5.0,2,561,Yes,SOA74,ILCE-7M4,https://www.bhphotovideo.com/c/product/1667800-REG/sony_ilce_7m4_b_alpha_a7_iv_mirrorless.html,https://www.amazon.com/dp/B09JZT6YK5,https://www.adorama.com/isoa7m4.html,https://static.bhphoto.com/images/images500x500/1634812545_1667800.jpg,images/sony-a7iv.png,"33MP Full-Frame Exmor R CMOS BSI Sensor | Up to 10 fps Shooting, ISO 100-51200 | 4K 60p Video in 10-Bit, S-Cinetone | 3.68m-Dot EVF with 120 fps Refresh Rate | arounder that pushes beyond basic, the **Sony a7 IV** does double duty with strong stills and video performance. An advanced hybrid mirrorless camera, the a7 IV has the resolution and AF performance that appeals to photographers along with robust 4K 60p video recording for filmmakers and content creators. | REG/sony_ilce_7m4_b_alpha_a7_iv_mirrorless.html/overview)",)  In Stock  On Display in Store  $1;998.00  ~~$2;498.00~~  Instant Savings$500.00  +  Save the Tax‡\\ or Pay$167/mo.suggested payments for 12 Mos.§when you use the Payboo credit card. Learn More  Special Offers  $50 Cashback Campaign Via registration  Offer expires:      1  Add to Cart  Add to Wish List  Free Next Day Delivery  Express Store Pickup in 30 mins  Protect Your Gear  Add a protection plan from$95.99  See Options  Used from$1;597.95  Lens Options  No Lens\\ \\ $1;998.00  50mm f/2.5\\ \+ $648.00  24-70mm f/2.8 II\\ \+ $2;448.00  24-105mm f/4\\ \+ $1;198.00  28-70mm f/3.5-5.6\\ \+ $400.00  20-70mm & 70-200mm II\\ \+ $3;146.00  Kit Options See Kits & Details  ![\\ No Kit\\ \\ $1;998.00](https://www.bhphotovideo.com/c/product/1667800-REG/sonyilce7m4balphaa7ivmirrorless.html)  ![\\,33MP sensor performs well for both stills and 4K video | Dual card slots (CFexpress Type A + SD) for redundant recording | 10-bit 4:2:2 S-Log3 provides wide dynamic range for color grading,4K60 applies a 1.5x crop | AF system is a generation behind the A7C II and A7R V | Rolling shutter can be visible with fast panning,wedding | YouTube/content | commercial | documentary,intermediate | advanced
sony-zve10ii,Sony ZV-E10 II,Sony,Sony E,998,998,1201,587,APS-C,26,4K,4K60 | 4K30 | 1080p120,8/10-bit,excellent,AI-based AF engine,False,,377,good,False,False,NP-FW50,75,SD UHS-II,1,5.0,2,18,Yes,SOZVE102BACK,,https://www.bhphotovideo.com/c/product/1843759-REG/sony_zv_e10_ii_mirrorless_camera.html,https://www.amazon.com/dp/B0D9NPF8QN,https://www.adorama.com/isozve10m2b.html,https://static.bhphoto.com/images/images500x500/1764764644_1843759.jpg,images/sony-zve10ii.png,"Basic Accessories to Start Shooting | Bag, Memory Card & Battery Charger | 26MP APS-C Exmor R CMOS Sensor | UHD 4K60 and Full HD 120p Video | E10 II Mirrorless Camera with Basic Bundle** from **B&H** combines the APS-C camera body with a protective camera bag, memory card, and a battery charger. | REG/sony_zv_e10_ii_mirrorless_camera.html/overview)",)  In Stock  $998.00  ~~$1;201.00~~  Instant Savings$203.00  +  Save the Tax‡\\ or Pay$84/mo.suggested payments for 12 Mos.§when you use the Payboo credit card. Learn More  1  Add to Cart  Add to Wish List  Free Next Day Delivery  Protect Your Gear  Add a protection plan from$71.99  See Options  Color  ![\\ Black\\ \\ $998.00](https://www.bhphotovideo.com/c/product/1843759-REG/sonyzve10iimirrorlesscamera.html)  ![\\ White\\ \+ $0](https://www.bhphotovideo.com/c/product/1843758-REG/sonyzve10iimirrorlesscamera.html)  Lens Options  No Lens\\ \\ $998.00  11mm f/1.8\\ \+ $648.00  10-20mm f/4\\ \+ $848.00  16-50mm f/3.5-5.6\\ \+ $100.00  16-55mm f/2.8\\ \+ $1;598.00  16-50mm & 55-210mm\\ \+ $428.00  Kit Options See Kits & Details  ![\\ No Kit\\ \+ $0](https://www.bhphotovideo.com/c/product/18388,"S-Cinetone, 4K60 10-bit, and AI-based AF for under $1,000 | 377g body, compact enough for one-handed vlogging | Same AF engine as Sony's flagship cameras at a fraction of the price","No in-body stabilization. Requires a gimbal or optically stabilized lens | NP-FW50 battery rated for about 95 minutes of continuous recording | Single SD card slot, no electronic viewfinder",YouTube/content | social media | vlogging,beginner | intermediate
sony-a6700,Sony A6700,Sony,Sony E,1398,1598,,587,APS-C,26,4K,4K120 | 4K60 | 1080p240,8/10-bit,excellent,AI-based Real-time tracking AF,True,5-axis IBIS,493,good,False,False,NP-FZ100,100,SD UHS-II,1,4.0,2,160,Yes,SOA6700AK,,https://www.bhphotovideo.com/c/product/1795921-REG/sony_sony_a6700_mirrorless_camera.html,https://www.amazon.com/dp/B0C5SDNXQM,https://www.adorama.com/isoa6700.html,https://static.bhphoto.com/images/images500x500/1689157832_1776281.jpg,images/sony-a6700.png,"Basic Accessories to Start Shooting | Bag, Memory Card, Spare Battery, Charger | 26MP Exmor R APS-C BSI CMOS Sensor | BIONZ XR Image Processor | C mirrorless body with a protective camera bag, memory card, spare battery, and battery charger. | REG/sony_sony_a6700_mirrorless_camera.html/overview)",)  In Stock  $1;598.00  +  Save the Tax‡\\ or Pay$134/mo.suggested payments for 12 Mos.§when you use the Payboo credit card. Learn More  Special Offers  $50 Cashback Campaign Via registration  Offer expires:      1  Add to Cart  Add to Wish List  Free 2-Day Shipping  Protect Your Gear  Add a protection plan from$95.99  See Options  Lens Options  No Lens\\ \\ $1;598.00  11mm f/1.8\\ \+ $648.00  16-50mm f/3.5-5.6 II\\ \+ $0  16-55mm f/2.8\\ \+ $1;598.00  18-135mm f/3.5-5.6\\ \+ $300.00  16-55mm & 70-350mm\\ \+ $2;696.00  Kit Options See Kits & Details  ![\\ No Kit\\ \+ $0](https://www.bhphotovideo.com/c/product/1776281-REG/sonya6700mirrorlesscamera.html)  ![\\ Basic Bundle\\ \\ $1;598.00](https://www.bhphotovideo.com/c/product/1795921-REG/sonysonya6700mirrorlesscamera.html)  ![\\ Content Cre,"4K120 recording in an APS-C body at $1,398 | 5-axis IBIS combined with Real-time tracking AF for stabilized handheld shooting | NP-FZ100 battery provides roughly 2x the runtime of the ZV-E10 II","Single SD card slot, no redundant recording | 1.5x APS-C crop factor reduces effective field of view on wide lenses | Notable rolling shutter artifacts in 4K120 mode",YouTube/content | wedding | documentary | social media | commercial,beginner | intermediate | advanced
canon-r5ii,Canon EOS R5 Mark II,Canon,Canon RF,4299,3899,4399,717,Full Frame,45,8K,8K30 | 4K120 | 4K60 | 1080p240,"12-bit (RAW), 10-bit",excellent,Dual Pixel CMOS AF II with eye tracking,True,5-axis IBIS (up to 8.5 stops),746,good,True,True,LP-E6NH,80,CFexpress Type B,2,5.0,2,268,Yes,CAER52,6536C002,https://www.bhphotovideo.com/c/product/1840289-REG/canon_6536c002_eos_r5_mark_ii.html,https://www.amazon.com/dp/B0DBBRT7G5,https://www.adorama.com/car5m2.html,https://static.bhphoto.com/images/images500x500/1721198413_1840289.jpg,images/canon-r5ii.png,"45MP Full-Frame Stacked BSI CMOS Sensor | DIGIC Accelerator Processing | Dual Pixel Intelligent AF, Eye Control | 8K 60 Raw/4K 60 SRAW/4K 120 10-Bit Video | new 45MP sensor's stacked, back-illuminated design joins a brand new processor to provide upgrades in nearly every category, creating a do-it-all camera that gets the job done. | REG/canon_6536c002_eos_r5_mark_ii.html/overview)",)  In Stock  $3;899.00  ~~$4;399.00~~  Instant Savings$500.00  +  Save the Tax‡\\ or Pay$325/mo.suggested payments for 12 Mos.§when you use the Payboo credit card. Learn More  1  Add to Cart  Add to Wish List  Free Next Day Delivery  Protect Your Gear  Add a protection plan from$155.99  See Options  Lens Options  No Lens\\ \\ $3;899.00  24-105mm f/4\\ \+ $1;250.00  Kit Options See Kits & Details  ![\\ No Kit\\ \\ $3;899.00](https://www.bhphotovideo.com/c/product/1840289-REG/canon6536c002eosr5markii.html)  ![\\ Essentials+\\ \+ $0](https://www.bhphotovideo.com/c/product/1908101-REG/canoneosr5markii.html)  ![\\ Battery Grip Kit\\ \+ $413.10](https://www.bhphotovideo.com/c/product/1933288-REG/canoneosr5markii.html),Internal Cinema RAW Light recording at up to 8K30 | 45MP stacked CMOS sensor for high-resolution stills with minimal rolling shutter | Canon Log 3 with wide dynamic range and well-regarded skin tone rendering,Thermal throttling possible in 8K and extended 4K120 recording | Canon RF lenses tend to be more expensive than Sony E or Nikon Z equivalents | Some rolling shutter visible in non-oversampled modes,commercial | wedding | narrative film | documentary | music video | YouTube/content,advanced | professional
canon-r5c,Canon EOS R5 C,Canon,Canon RF,4499,2999,3899,130,Full Frame,45,8K,8K60 (RAW) | 8K30 | 4K120 | 4K60,"12-bit RAW, 10-bit",excellent,Dual Pixel CMOS AF II,False,,680,good,True,True,LP-E6NH,60,CFexpress Type B,2,3.5,2,113,Yes,CAER5C,5077C002,https://www.bhphotovideo.com/c/product/1684244-REG/canon_5077c002_eos_r5_c_full_frame.html,https://www.amazon.com/dp/B09RVJQXLV,https://www.adorama.com/car5c.html,,images/canon-r5c.png,"Two Cameras in One Body: Photo + Cinema | 45MP Stills, Full-Frame 8K CMOS Sensor | Photo/Video Switch Changes Settings Menu | JPEG/C-RAW, 12-Bit Cinema RAW Light | frame 8K60 Cinema EOS camera that internally records 12-bit Cinema RAW Light footage. There's no need to carry a second camera to your production when stills and video are available within a single compact design. | REG/canon_5077c002_eos_r5_c_full_frame.html/overview)",)  In Stock  $2;999.00  ~~$3;899.00~~  Instant Savings$900.00  +  Save the Tax‡\\ or Pay$250/mo.suggested payments for 12 Mos.§when you use the Payboo credit card. Learn More  1  Add to Cart  Add to Wish List  Free Next Day Delivery  Protect Your Gear  Add a protection plan from$119.99  See Options  Used from$2;638.95  Configuration  Body Only\\ \\ $2;999.00  With 24-105mm f/4L Lens\\ \+ $1;250.00  With 24-105mm f/2.8 Lens\\ \+ $3;100.00  With 24-70mm f/2.8 Lens\\ \+ $2;500.00  W/24-70mm f/2.8 Lens; EW-DP Wireless Mic\\ \+ $3;880.83  With 5.2mm f/2.8 Dual Fisheye Lens\\ \+ $1;800.00,Internal 8K60 Cinema RAW Light recording | Active cooling fan enables unlimited continuous recording | Separate cinema and photo modes with independent settings,No in-body stabilization. Requires a gimbal or rig for handheld work | Cooling fan noise is audible and can be picked up by on-camera microphones | The R5 Mark II covers most of the same specs in a more versatile body,narrative film | commercial | music video | documentary,advanced | professional
canon-r6iii,Canon EOS R6 Mark III,Canon,Canon RF,2799,2799,,,Full Frame,32.5,7K,7K60 (RAW) | 4K120 | 4K60 | 1080p180,"12-bit RAW, 10-bit",excellent,Dual Pixel CMOS AF II with subject detection,True,5-axis IBIS (up to 8.5 stops),699,excellent,True,True,LP-E6P,85,CFexpress Type B,2,3.0,2,38,Yes,CAER63,7084C002,https://www.bhphotovideo.com/c/product/1928858-REG/canon_eos_r6_mark_iii.html,https://www.amazon.com/dp/B0FZVVLR9D,https://www.adorama.com/car6m3.html,,images/canon-r6iii.png,"32.5MP Full-Frame CMOS Sensor | 7K 60p 12-Bit Internal RAW Light Video | Open Gate 7K 30p, High-Speed 4K 120p | Dual Pixel CMOS AF II & Movie Servo AF | performance all-arounder for creatives who work in both photo and video, the **Canon EOS R6 Mark III** deftly combines an array of hybrid capabilities, upgraded imaging, and revised handling and design to suit shooters working in a wide variety of scenarios. A new 32.5MP sensor pairs with DIGIC X processing to offer 7K video recording, up to 40-fps photo shooting, improved Dual Pixel CMOS AF II with Register People Priority, more robust 8.5-stop image stabilization, and the R6 Mark III now also accepts both CFexpress Type B and SD memory cards for flexible file storage. | REG/canon_eos_r6_mark_iii.html/overview)",)  In Stock  $2;799.00  +  Save the Tax‡\\ or Pay$234/mo.suggested payments for 12 Mos.§when you use the Payboo credit card. Learn More  1  Add to Cart  Add to Wish List  Free 2-Day Shipping  Protect Your Gear  Add a protection plan from$119.99  See Options  Style  Body Only\\ \\ $2;799.00  with 24-105mm f/4 Lens\\ \+ $1;250.00  with 24-105mm f/4-7.1 Lens\\ \+ $350.00  Kit Configuration  Base\\ \\ $2;799.00  with Stop Motion Animation Kit\\ \+ $100.00  Trade in your gear for cash\\ \\ Get Started  Video Chat  Chat  Request Callback  Email  800-606-6969  - Overview - [,Internal 7K60 Cinema RAW Light recording with 4K120 capability | Canon Log 3 with approximately 14 stops of dynamic range | 32.5MP full-frame sensor with good high-ISO performance up to ISO 25600+,Canon RF mount has limited third-party autofocus lens options | No built-in ND filters | Higher price point than the R6 Mark II it replaces,wedding | commercial | YouTube/content | documentary | music video,intermediate | advanced | professional
canon-r7,Canon EOS R7,Canon,Canon RF,1499,1449,1649,717,APS-C,32.5,4K,4K60 (crop) | 4K30 | 1080p120,8/10-bit,excellent,Dual Pixel CMOS AF II,True,5-axis IBIS (up to 7 stops),612,average,False,True,LP-E6NH,90,SD UHS-II,2,5.0,2,265,Yes,CAER7,5137C002,https://www.bhphotovideo.com/c/product/1707911-REG/canon_eos_r7_mirrorless_camera.html,https://www.amazon.com/dp/B0B27NSHB5,https://www.adorama.com/car7.html,https://static.bhphoto.com/images/images500x500/1653351620_1707911.jpg,images/canon-r7.png,"32.5MP APS-C CMOS Sensor | Dual Pixel CMOS AF II | 4K60 10-Bit Video, HDR-PQ & C-Log 3 | 30 fps E. Shutter, 15 fps Mech. Shutter | C with the mirrorless R system. Featuring a 32.5MP CMOS sensor and DIGIC X processing, this sleek powerhouse is capable of high-speed 30 fps shooting for sports and wildlife and features the renowned Dual Pixel CMOS AF II focusing system to keep up with and track fast-moving subjects. And, for the multimedia image-maker, 4K video is supported at up to 60p, or 30p when oversampled from a 7K area, as well as Full HD at up to 120 fps. | REG/canon_eos_r7_mirrorless_camera.html/overview)",)  In Stock  $1;449.00  ~~$1;649.00~~  Instant Savings$200.00  +  Save the Tax‡\\ or Pay$121/mo.suggested payments for 12 Mos.§when you use the Payboo credit card. Learn More  1 Free Item Included ($69.99)  1  Add to Cart  Add to Wish List  Free Next Day Delivery  Protect Your Gear  Add a protection plan from$93.99  See Options  Used from$1;245.95  Lens Options  No Lens\\ \\ $1;449.00  18-150mm f/3.5-6.3\\ \+ $500.00  Kit Options See Kits & Details  ![\\ No Kit\\ \\ $1;449.00](https://www.bhphotovideo.com/c/product/1707911-REG/canoneosr7mirrorlesscamera.html)  ![\\ Essentials+\\ \+ $161.94](https://www.bhphotovideo.com/c/product/1907304-REG/canoneosr7mirrorlesscamera.html)  ![\\ Cropping Guide Firmware Kit\\ \+ $120.00](https://www.bhphotovideo.com/c/product/1868804-REG/canon5137c098eosr7m,"Effective IBIS combined with Dual Pixel CMOS AF II for action and documentary | 32.5MP APS-C sensor produces detailed stills alongside 4K video | Entry point into Canon RF ecosystem at $1,499",Visible noise above ISO 3200 due to APS-C sensor size | 4K60 applies an additional crop beyond the standard 1.6x | Limited selection of native APS-C RF-S lenses,documentary | wedding | YouTube/content | social media,beginner | intermediate | advanced
canon-r8,Canon EOS R8,Canon,Canon RF,1499,1449,1649,717,Full Frame,24.2,4K,4K60 (crop) | 4K30 | 1080p180,8/10-bit,excellent,Dual Pixel CMOS AF II,False,,461,good,False,False,LP-E17,80,SD UHS-II,1,5.0,2,141,Yes,CAER8,5803C002,https://www.bhphotovideo.com/c/product/1748813-REG/canon_eos_r8_mirrorless_camera.html,https://www.amazon.com/dp/B0BVBKWG6C,https://www.adorama.com/car8.html,https://static.bhphoto.com/images/images500x500/1675811123_1748813.jpg,images/canon-r8.png,"24.2MP Full-Frame CMOS Sensor | 4K60p 10-Bit Internal Video, Canon Log 3 | 2.36m-Dot OLED Electronic Viewfinder | 3.0"" 1.62m-Dot Vari-Angle Touchscreen | friendly, full-frame camera body, the **Canon EOS R8 Mirrorless Camera** offers powerful photo and video capabilities for both photographers and multimedia content creators. Utilizing a newly developed sensor also found in the EOS R6 Mark II, the R8 features a 24.2MP CMOS sensor paired with a DIGIC X processor. Together, this combination provides outstanding stills performance, impressive 4K 60p 10-bit video, and fast autofocus. | REG/canon_eos_r8_mirrorless_camera.html/overview)",)  In Stock  $1;449.00  ~~$1;649.00~~  Instant Savings$200.00  +  Save the Tax‡\\ or Pay$121/mo.suggested payments for 12 Mos.§when you use the Payboo credit card. Learn More  1  Add to Cart  Add to Wish List  Free Next Day Delivery  Protect Your Gear  Add a protection plan from$93.99  See Options  Used from$1;245.95  Lens Options  No Lens\\ \\ $1;449.00  24-50mm f/4.5-6.3 IS STM\\ \+ $200.00  Kit Options See Kits & Details  ![\\ No Kit\\ \\ $1;449.00](https://www.bhphotovideo.com/c/product/1748813-REG/canoneosr8mirrorlesscamera.html)  ![\\ Essentials+\\ \+ $147.89](https://www.bhphotovideo.com/c/product/1907302-REG/canoneosr8mirrorlesscamera.html)  ![\\ Content Creation Kit\\ \\ —](https://www.bhphotovideo.com/c/product/1773615-REG/canon5803c037eosr8contentcreator.html)  ![\\ Cropping Gui,"Full-frame 24.2MP sensor with Canon Dual Pixel CMOS AF II for under $1,500 | 461g body, one of the lightest full-frame cameras available | Canon Log 3 and 10-bit 4:2:2 internal recording",No in-body image stabilization | Single SD card slot | 4K60 applies a significant 1.6x crop,YouTube/content | social media | vlogging | wedding,beginner | intermediate
canon-r50,Canon EOS R50,Canon,Canon RF,679,679,779,587,APS-C,24.2,4K,4K30 (crop) | 1080p120,8-bit,good,Dual Pixel CMOS AF,False,,375,average,False,False,LP-E17,50,SD UHS-II,1,5.0,2,97,Yes,CAER50,5811C002,https://www.bhphotovideo.com/c/product/1748810-REG/canon_eos_r50_mirrorless_camera.html,https://www.amazon.com/dp/B0BVD3BPGX,https://www.adorama.com/car50.html,https://static.bhphoto.com/images/images500x500/1675811427_1748810.jpg,images/canon-r50.png,24.2MP APS-C CMOS Sensor | DIGIC X Image Processor | UHD 4K 30p Video Recording | Dual Pixel CMOS AF II with 651 Zones | C CMOS sensor and DIGIC X image processor to deliver high-resolution stills and UHD 4K videos. | REG/canon_eos_r50_mirrorless_camera.html/overview),)  In Stock  $679.00  ~~$779.00~~  Instant Savings$100.00  +  Save the Tax‡\\ or Pay$57/mo.suggested payments for 12 Mos.§when you use the Payboo credit card. Learn More  1  Add to Cart  Add to Wish List  Free Next Day Delivery  Protect Your Gear  Add a protection plan from$62.99  See Options  Color  ![\\ Black\\ \\ $679.00](https://www.bhphotovideo.com/c/product/1748810-REG/canoneosr50mirrorlesscamera.html)  ![\\ White\\ \+ $0](https://www.bhphotovideo.com/c/product/1750099-REG/canon5812c002eosr50mirrorlesscamera.html)  Lens Options  No Lens\\ \\ $679.00  18-45mm f/4.5-6.3\\ \+ $120.00  18-45mm & 50mm\\ \+ $339.00  18-45mm & 55-210mm\\ \+ $370.00  Kit Options See Kits & Details  ![\\ No Kit\\ \\ $679.00](https://www.bhphotovideo.com/c/product/1748810-REG/canoneosr50mirrorlesscamera.html),Most affordable Canon RF-mount camera at $679 | 375g compact body with guided menus for new users | 4K30 and Dual Pixel CMOS AF at an entry-level price,"8-bit 4:2:0 only, minimal latitude for color grading | No IBIS and no log color profile | LP-E17 battery provides limited recording time, about 50 min continuous",YouTube/content | social media | vlogging,beginner
canon-c70,Canon EOS C70,Canon,Canon RF,5499,3499,4799,,Super 35,8.85,4K,4K120 | 4K60,10/12-bit RAW,excellent,Dual Pixel CMOS AF II,False,,1170,good,True,True,BP-A30,120,SD UHS-II,2,5.0,2,88,Yes,CAEC70,4507C002,https://www.bhphotovideo.com/c/product/1595392-REG/canon_eos_c70_cinema_camera.html,https://www.amazon.com/dp/B08KSFKG9L,https://www.adorama.com/cac70.html,,images/canon-c70.png,"Super35 Dual Gain Output (DGO) Sensor | DCI 4K 60p, Hi-Speed UHD 4K 120p/2K 180p | Canon Log 2, 3, PQ & HLG HDR Recording | RF Lens Mount / EF with Optional Adapter | style body, the Canon EOS C70 Cinema Camera features a Super35 DGO (Dual Gain Output) sensor for capturing nuanced images with up to 16+ stops of high dynamic range. The EOS C70 is the first Cinema EOS camera with an RF mount that enables you to use Canon's line of fast, reliable RF lenses with advanced coatings and image stabilization.The innovative DGO system combines two separate gain readings for each photodiode on the sensor, emphasizing saturation in bright areas of your image and lowering noise in darker areas. | REG/canon_eos_c70_cinema_camera.html/overview)",)  In Stock  $3;499.00  ~~$4;799.00~~  Instant Savings$1;300.00  +  Save the Tax‡\\ or Pay$292/mo.suggested payments for 12 Mos.§when you use the Payboo credit card. Learn More  1  Add to Cart  Add to Wish List  Free 2-Day Shipping  Protect Your Gear  Add a protection plan from$155.99  See Options  Used from$3;008.95  Configuration  Camera Body Only\\ \\ $3;499.00  With 24-70mm f/2.8 Lens\\ \+ $2;300.00  With 24-105mm f/2.8 Lens\\ \+ $3;100.00  With 24-105mm f/4 Lens\\ \+ $1;250.00  With 24-105mm f/2.8 Lens & PZ-E2B Adapt.\\ \+ $4;450.00,"Built-in ND filters with 2, 4, 6, 8, and 10 stop positions | Dual Gain Output (DGO) sensor provides 16+ stops of dynamic range | Compact cinema body at 1,170g with Dual Pixel CMOS AF II","Super 35 sensor only, no full-frame option | Cinema RAW Light added via firmware but limited to lower resolutions | SD card slots only, no CFexpress",documentary | commercial | wedding | narrative film | music video,advanced | professional
canon-c80,Canon EOS C80,Canon,Canon RF,5999,5499,5849,,Full Frame,45,6K,6K30 (RAW) | 4K120 | 4K60,"12-bit (RAW), 10-bit",excellent,Dual Pixel CMOS AF II,True,5-axis IBIS,1060,good,True,True,BP-A30,100,CFexpress Type B,2,5.0,2,27,Yes,CAEC80,6389C002,https://www.bhphotovideo.com/c/product/1851537-REG/canon_eos_c80_cinema_camera.html,https://www.amazon.com/dp/B0DCX5XP2Y,https://www.adorama.com/cac80.html,,images/canon-c80.png,"6K FF Back-Illuminated CMOS Sensor | 6K30, DCI 4K/2K, UHD 4K120 S35 Recording | Full Frame and Super35 Modes | 12G-SDI and HDMI Simultaneous Output | frame capture in a compact form, the **Canon EOS C80 6K Full-Frame Cinema Camera** melds the EOS C400's CMOS sensor with a lightweight design similar to the EOS C70. Ideal for fast-paced capture and solo operators, this digital camera features triple ISO bases of 800, 3200, and 12,800 in log/raw, upgraded Dual Pixel CMOS AF II autofocus, and simultaneous 12G-SDI and HDMI video output. The EOS C80's RF mount provides compatibility with fast, reliable Canon RF lenses, and a motorized ND filter wheel enables on-the-fly exposure tweaking. | REG/canon_eos_c80_cinema_camera.html/overview)",)  In Stock  $5;499.00  ~~$5;849.00~~  Instant Savings$350.00  +  Save the Tax‡\\ or Pay$459/mo.suggested payments for 12 Mos.§when you use the Payboo credit card. Learn More  1  Add to Cart  Add to Wish List  Free Next Day Delivery  Protect Your Gear  Add a protection plan from$179.99  See Options  Configuration  Base\\ \\ $5;499.00  RF 24-105mm f/2.8 L IS USM Zoom Lens\\ \+ $3;100.00  24mm & 50mm f/1.4 L VCM Prime Lenses\\ \+ $3;048.00  RF 24-70mm f/2.8 L IS USM Zoom Lens\\ \+ $2;500.00  24-70mm f/2.8; 24mm & 50mm f/1.4 Lenses\\ \+ $5;847.00  24-105mm f/2.8; 24mm & 50mm f/1.4 Lenses\\ \+ $6;448.00,Full-frame Cinema RAW Light internal recording at up to 6K | Built-in ND filters and IBIS in a dedicated cinema body | 6K oversampled 4K with Canon Log 3 color science,"Mini XLR audio inputs only, no full-size XLR | RAW files are very large (requires fast, high-capacity media) | $500 more than the C70 which may suffice for Super 35 workflows",commercial | documentary | narrative film | music video | wedding,advanced | professional
panasonic-s5iix,Panasonic Lumix S5 IIX,Panasonic,Leica L,2199,1997,2200,587,Full Frame,24.2,6K,6K30 | 4K120 | 4K60 | 1080p180,8/10-bit,good,Phase-detect AF with subject detection,True,5-axis IBIS + Dual I.S. 2,740,good,True,True,DMW-BLK22,90,SD UHS-II,2,4.5,2,37,Yes,PADCS5M2XAK,,https://www.bhphotovideo.com/c/product/1795803-REG/panasonic_lumix_s5_iix_mirrorless.html,https://www.amazon.com/dp/B0BS1KRN8Y,https://www.adorama.com/pcs5m2x.html,https://static.bhphoto.com/images/images500x500/1672825656_1743629.jpg,images/panasonic-s5iix.png,Memory Card | optimized full-frame mirrorless camera with a camera bag and a memory card. | REG/panasonic_lumix_s5_iix_mirrorless.html/overview),)  In Stock  $1;997.99  ~~$2;200.99~~  Instant Savings$203.00  +  Save the Tax‡\\ or Pay$167/mo.suggested payments for 12 Mos.§when you use the Payboo credit card. Learn More  1  Add to Cart  Add to Wish List  Free Next Day Delivery  Protect Your Gear  Add a protection plan from$95.99  See Options  Lens Options  No Lens\\ \\ $1;997.99  16-35mm f/4\\ \+ $1;497.99  50mm f/1.8\\ \+ $497.99  20-60mm f/3.5-5.6\\ \+ $300.00  24-60mm f/2.8\\ \+ $800.00  24-60mm f/2.8 & 50mm f/1.8\\ \\ —  Kit Options  No Kit\\ \+ $0  Basic Bundle\\ \\ $1;997.99  Essentials+\\ \+ $270.47  Trade in your gear for cash\\ \\ Get Started  Savings Available:  Save Up to $587.50  Build Bundle  Video Chat  Chat  Request Callback  Email  800-606-6969  - Overview - [,"Internal Apple ProRes recording, uncommon at this price | Dual native ISO at 640/4000 for flexible exposure in mixed lighting | 6K open-gate recording for reframing flexibility in post","Phase-detect AF is less reliable than Sony or Canon equivalents | L-mount lens selection is smaller than E or RF mount | SD card slots only, no CFexpress",commercial | documentary | wedding | YouTube/content | music video | narrative film,intermediate | advanced | professional
panasonic-s5ii,Panasonic Lumix S5 II,Panasonic,Leica L,1999,69,104,,Full Frame,24.2,6K,6K30 | 4K60 | 1080p180,8/10-bit,good,Phase-detect AF,True,5-axis IBIS (6.5 stops),740,good,False,True,DMW-BLK22,90,SD UHS-II,2,4.5,2,5,No,NEMS305100,MS305-100NAS,https://www.bhphotovideo.com/c/product/1746498-REG/panasonic_dc_s5m2body_lumix_s5_ii_mirrorless.html,https://www.amazon.com/dp/B0BS1C53HB,https://www.adorama.com/pcs5m2.html,,images/panasonic-s5ii.png,"5 x 2.5Gb Ethernet Ports | 25 Gb/s Switching Capacity | 3.72 Mpps Forwarding Rate | Desktop & Wall Mountable | Port 2.5Gb Ethernet Unmanaged Switch** from **Netgear**. This unmanaged network switch integrates into your network without requiring any complicated configuring. Its five Ethernet ports each support up to 2.5Gb transfer rates with compatible computers, servers, network storage drives, and other devices. The 25 Gb/s switching capacity and 3.72 Mpps forwarding rate help to ensure smooth data transfers. This compact switch may be mounted onto a desktop or wall, and its fanless design allows it to operate silently in the background. | REG/netgear_ms305_100nas_5_port_multi_gigabit_ethernet_unmanaged.html/overview)",)  Temporarily Out of Stock  $69.99  ~~$104.99~~  Instant Savings$35.00  +  Save the Tax‡\\ when you use the Payboo credit card. Learn More  Request Assistance  Add to Wish List  Free 2-Day Shipping  Ports  5  8  Shipping Restrictions  Sales and Export of this item to China; Hong Kong; Russia; and Venezuela are prohibited.  Chat  Request Callback  Email  800-606-6969  - Overview - [,"Full-frame sensor with phase-detect AF for under $2,000 | Dual native ISO (640/4000) with V-Log for wide dynamic range grading | Effective 5-axis IBIS rated for up to 6.5 stops of compensation",No 4K120 recording | No internal ProRes recording (available on S5 IIX) | AF can hunt in low-contrast or backlit situations,wedding | YouTube/content | documentary | commercial,intermediate | advanced
panasonic-gh7,Panasonic Lumix GH7,Panasonic,Micro Four Thirds,2199,1797,2197,587,Micro Four Thirds,25.2,5.7K,5.7K30 | 4K120 | 4K60 | 1080p240,10/12-bit RAW,good,Phase-detect AF,True,5-axis IBIS,805,average,True,True,DMW-BLK22,80,CFexpress Type B,2,5.0,2,28,Yes,PADCGH7B,DC-GH7BODY,https://www.bhphotovideo.com/c/product/1832646-REG/panasonic_dc_gh7body_lumix_gh7_mirrorless_camera.html,https://www.amazon.com/dp/B0D8BQXJLC,https://www.adorama.com/pcgh7.html,https://static.bhphoto.com/images/images500x500/1717605931_1832646.jpg,images/panasonic-gh7.png,"25.2MP BSI CMOS Micro Four Thirds Sensor | 4K60 4:2:2 10-Bit Unlimited Recording | 5.7K60, 4K120 HFR, FHD 240p VFR | ProRes RAW, 32-Bit Float, 13+ Stop WDR | bit float recording with the optional DMW-XLR2 audio interface, Adobe Cloud Frame.io compatibility, versatile Open Gate framing, and real-time custom LUTs. This flagship update to the powerful GH6 retains all the valuable existing features, including the same compact form factor, a 25.2MP sensor, 5.7K30 Apple ProRes 422 HQ internal recording, improved Phase Hybrid AF, a 13+ stop dynamic range boost, and 5-axis stabilization to accommodate indie film, pro/consumer photography, documentary, or even as a B-camera in high-end productions. | REG/panasonic_dc_gh7body_lumix_gh7_mirrorless_camera.html/overview)",)  In Stock  $1;797.99  ~~$2;197.99~~  Instant Savings$400.00  +  Save the Tax‡\\ or Pay$150/mo.suggested payments for 12 Mos.§when you use the Payboo credit card. Learn More  1  Add to Cart  Add to Wish List  Free Next Day Delivery  Protect Your Gear  Add a protection plan from$95.99  See Options  Used for$1;653.95  Lens Options  No Lens\\ \\ $1;797.99  9mm f/1.7\\ \+ $547.99  10-25mm f/1.7\\ \+ $1;897.99  12-35mm f/2.8\\ \+ $997.99  12-60mm f/2.8-4\\ \\ —  Kit Options See Kits & Details  ![\\ No Kit\\ \\ $1;797.99](https://www.bhphotovideo.com/c/product/1832646-REG/panasonicdcgh7bodylumixgh7mirrorlesscamera.html)  ![\\ Basic Bundle\\ \+ $0](https://www.bhphotovideo.com/c/product/1865999-REG/panasoniclumixgh7mirrorlesscamera.html)  ![\\ Essentials+\\ \+ $192.48](https://www.bhphotovideo.c,"Internal Apple ProRes and ProRes RAW recording at $2,199 | 4K120 with 5-axis IBIS for stabilized slow-motion handheld shots | CFexpress Type B card slot for high-bitrate recording","Micro Four Thirds sensor has limited low-light performance and shallower depth of field | 2x crop factor significantly narrows field of view | 805g, heavy for a Micro Four Thirds body",documentary | commercial | YouTube/content | music video | narrative film,intermediate | advanced | professional
panasonic-gh6,Panasonic Lumix GH6,Panasonic,Micro Four Thirds,1499,,,,Micro Four Thirds,25.2,5.7K,5.7K60 | 4K120 | 4K60 | 1080p240,8/10-bit,basic,Contrast-detect AF,True,5-axis IBIS,739,average,False,True,DMW-BLK22,80,CFexpress Type B,2,,0,,,SA85QMN,LH85QMNEBGC,https://www.bhphotovideo.com/c/product/1687599-REG/panasonic_dc_gh6body_lumix_gh6_mirrorless_camera.html,https://www.amazon.com/dp/B09SHDFWXY,https://www.adorama.com/pcgh6.html,,images/panasonic-gh6.png,,-,"5.7K60 and 4K120 recording at $1,499 | Internal ProRes and ProRes HQ recording | Active cooling enables unlimited continuous recording","Contrast-detect AF only, no phase detection | Micro Four Thirds sensor with 2x crop and limited high-ISO performance | The newer GH7 adds phase-detect AF for $700 more",YouTube/content | documentary | commercial | music video,intermediate | advanced
panasonic-g9ii,Panasonic Lumix G9 II,Panasonic,Micro Four Thirds,1799,1497,1897,587,Micro Four Thirds,25.2,5.7K,5.7K30 | 4K120 | 4K60 | 1080p240,8/10-bit,good,Phase-detect AF,True,5-axis IBIS + Dual I.S. 2 (8 stops),658,average,False,True,DMW-BLK22,80,SD UHS-II,2,5.0,2,54,Yes,PADCG92,DC-G9M2BODY,https://www.bhphotovideo.com/c/product/1786235-REG/panasonic_lumix_g9ii_g9_ii.html,https://www.amazon.com/dp/B0BS1NXFQP,https://www.adorama.com/pcg9m2.html,https://static.bhphoto.com/images/images500x500/1694511982_1786235.jpg,images/panasonic-g9ii.png,"25.2MP Live MOS Micro Four Thirds Sensor | C4K/4K 60p 4:2:2 10-Bit Video Recording | 100MP Handheld High-Res Mode | 5-Axis Sensor Stabilization; Dual I.S. 2 | series LUMIX camera to offer Phase Hybrid AF for fast and precise autofocusing performance, the G9 II utilizes new AI-powered recognition technology for real-time auto-focus recognition that now recognizes cars, motorcycles, and animal eyes for improved precision in subject recognition. The camera also boasts 75 fps burst shooting with a pre-burst shooting function, which allows you to go back in time up to 1.5 seconds, so you can capture the perfect moment. | REG/panasonic_lumix_g9ii_g9_ii.html/overview)",)  In Stock  $1;497.99  ~~$1;897.99~~  Instant Savings$400.00  +  Save the Tax‡\\ or Pay$125/mo.suggested payments for 12 Mos.§when you use the Payboo credit card. Learn More  1  Add to Cart  Add to Wish List  Free Next Day Delivery  Protect Your Gear  Add a protection plan from$95.99  See Options  Used for$1;317.95  Lens Options  No Lens\\ \\ $1;497.99  25mm f/1.7\\ \\ —  12-35mm f/2.8\\ \\ —  12-60mm f/2.8-4\\ \+ $600.00  Kit Options See Kits & Details  ![\\ No Kit\\ \\ $1;497.99](https://www.bhphotovideo.com/c/product/1786235-REG/panasoniclumixg9iig9ii.html)  ![\\ Basic Bundle\\ \\ —](https://www.bhphotovideo.com/c/product/1864813-REG/panasoniclumixg9iimirrorless.html)  ![\\ Essentials+\\ \+ $285.47](https://www.bhphotovideo.com/c/product/1864809-REG/panasoniclumixg9iimirrorless.html),Phase-detect AF in a Micro Four Thirds body | 5-axis IBIS with Dual I.S. 2 support for up to 8 stops of compensation | 100fps burst shooting with 25MP resolution for action photography,No internal ProRes recording | MFT sensor limits high-ISO performance compared to APS-C and full frame | SD card slots only,documentary | YouTube/content | wedding | commercial,intermediate | advanced
blackmagic-pocket4k,Blackmagic Pocket Cinema Camera 4K,Blackmagic,Micro Four Thirds,1295,1185,,25,Micro Four Thirds,8.8,4K DCI,4K DCI 60 | 4K30 | 1080p120,12-bit RAW,manual only,,False,,722,poor,True,True,LP-E6,60,CFast 2.0,2,5.0,2,324,Yes,BL4KPKCAM,CINECAMPOCHDMFT4K,https://www.bhphotovideo.com/c/product/1401512-REG/blackmagic_design_pocket_cinema_camera_4k.html,https://www.amazon.com/dp/B07C5MFN1Z,https://www.adorama.com/bmpccam4k.html,,images/blackmagic-pocket4k.png,"4/3""-Sized HDR Sensor | DCI 4K60, 2.8K80 Raw in 4:3 Anamorphic | Dual Native 400/3200 ISO / up to 25,600 | Blackmagic RAW and ProRes RAW/RAW HQ | squeeze preview is available for 4:3 recording as well as a 1.33x de-squeeze option. Slow-motion rates up to 120 fps are available in 2.6K raw for Super16 lenses and in cropped Full HD. The 6.6 update makes operating easier with support for the Pocket Battery Grip and a built-in horizon level function. Further 6.6 update features include support for additional languages, USB PTP control, customizable frame guides, an up to 8x pinch-to-zoom function, the ability to embed custom LUTs as metadata in Blackmagic RAW, and more. | REG/blackmagic_design_pocket_cinema_camera_4k.html/overview)",")  In Stock  $1;185.00  +  Save the Tax‡\\ or Pay$99/mo.suggested payments for 12 Mos.§when you use the Payboo credit card. Learn More  1  Add to Cart  Add to Wish List  Free 2-Day Shipping  Protect Your Gear  Add a protection plan from$95.99  See Options  Used from$947.95  Configuration  Base\\ \\ $1;185.00  5.2"" HDMI Monitor\\ \+ $410.00  Battery Kit + Two 128GB Cards\\ \+ $110.00  Savings Available:  Save Up to $25.99  Build Bundle  Video Chat  Chat  Request Callback  Email  800-606-6969  - Overview - [","Internal 12-bit Blackmagic RAW recording at $1,295 | 5-inch 1080p touchscreen with on-screen tools (focus peaking, false color, waveforms) | DaVinci Resolve Studio license included ($295 value)","No autofocus, manual focus only | LP-E6 battery lasts approximately 45-60 minutes of continuous recording | No in-body stabilization",narrative film | music video | short film | documentary,intermediate | advanced | professional
blackmagic-pocket6kg2,Blackmagic Pocket Cinema Camera 6K G2,Blackmagic,Canon EF,1995,2375,,,Super 35,21.2,6K,6K50 | 4K60 | 2.8K120,12-bit RAW,manual only,,False,,900,average,True,True,LP-E6,60,CFast 2.0,2,4.0,2,26,Yes,BL6KPKCAMG2,CINECAMPOCHDEF6K2,https://www.bhphotovideo.com/c/product/1713293-REG/blackmagic_design_pocket_cinema_camera_6k.html,https://www.amazon.com/dp/B09MFKYYXS,https://www.adorama.com/bmpcc6kg2.html,https://static.bhphoto.com/images/images500x500/1676539522_1713293.jpg,images/blackmagic-pocket6kg2.png,"Super 35 HDR Sensor, Gen 5 Color Science | Canon Active EF Mount, Mini XLR Inputs | 5"" Tilting LCD Touchscreen | Does Not Have Internal ND Filters | style camera features the same 6K S35 sensor, recording features, dynamic range, interface ports, and controls as the 6K Pro, but pares a few features to create a more affordable form. Features inherited from the 6K Pro include a 5"" tilting touchscreen LCD, Pro EVF, and battery grip options, dual mini-XLR audio inputs, an NP-F570 L-series battery slot, and the updated Gen 5 color science. By eliminating the internal ND filters and reducing the LCD brightness compared to the 6K Pro model, Blackmagic now enables users to choose between two near identical 6K models that best suits their priorities. | REG/blackmagic_design_pocket_cinema_camera_6k.html/overview)",)  In Stock  $2;375.00  +  Save the Tax‡\\ or Pay$198/mo.suggested payments for 12 Mos.§when you use the Payboo credit card. Learn More  1  Add to Cart  Add to Wish List  Free 2-Day Shipping  Protect Your Gear  Add a protection plan from$119.99  See Options  Used from$1;849.95  Kit Options See Kits & Details  ![\\ No Kit\\ \\ $2;375.00](https://www.bhphotovideo.com/c/product/1713293-REG/blackmagicdesignpocketcinemacamera6k.html)  ![\\ Monitor Control Kit\\ \+ $424.00](https://www.bhphotovideo.com/c/product/1925714-REG/blackmagicdesignpocketcinemacamera6k.html)  Video Chat  Chat  Request Callback  Email  800-606-6969  - Overview - [,"Internal 6K Blackmagic RAW recording for under $2,000 | Canon EF mount provides access to decades of cinema and photo lenses | 13 stops of measured dynamic range","Canon EF mount with no electronic autofocus support, manual focus only | LP-E6 battery provides approximately 45-60 minutes of recording | No in-body stabilization or autofocus system",narrative film | music video | commercial | documentary | short film,intermediate | advanced | professional
blackmagic-cc6k,Blackmagic Cinema Camera 6K,Blackmagic,Leica L,2595,3089,,,Full Frame,24.6,6K,6K36 | 4K60 | 2K120,12-bit RAW,basic,Basic phase-detect AF,False,,900,good,True,True,NP-F570,45,CFexpress Type B,2,3.5,2,38,Yes,BLCC6K,CINECAM60KLFL,https://www.bhphotovideo.com/c/product/1787634-REG/blackmagic_design_cinema_camera_6k.html,https://www.amazon.com/dp/B0CMXF12Z1,https://www.adorama.com/bmcc6k.html,,images/blackmagic-cc6k.png,"Full-Frame 6K HDR Sensor | Up to 6K36 fps Open Gate / 4K Anamorphic | Active Leica L Mount, OLP Filter | 13 Stops of Dynamic Range | gen digital film capture to the masses with their new **Cinema Camera 6K**. Based around a full-frame 6K sensor and an active Leica L lens mount, this high-end camera features rich colors, accurate skin tones, a wide 13-stop dynamic range, and a built-in OLP (optical low pass) filter that is tailored specifically to the massive 24 x 35mm sensor. ENG users and other on-the-go shooters will appreciate the ability to record both deep bit-depth Blackmagic Raw and H.264 proxies simultaneously to Blackmagic Cloud. The Cinema Camera 6K takes a step up from the Pocket Cinema Camera line but handily retains the ability to use all the existing PCC accessories. | REG/blackmagic_design_cinema_camera_6k.html/overview)",)  In Stock  $3;089.00  +  Save the Tax‡\\ or Pay$258/mo.suggested payments for 12 Mos.§when you use the Payboo credit card. Learn More  1  Add to Cart  Add to Wish List  Free Next Day Delivery  Protect Your Gear  Add a protection plan from$155.99  See Options  Used from$2;469.95  Lens Options  No Lens\\ \\ $3;089.00  28-70mm f/2.8 Zoom Lens\\ \+ $710.00  Kit Options  No Kit\\ \\ $3;089.00  EF to L Mount Converter Kit\\ \+ $10.00  PL to L Mount Converter Kit\\ \+ $460.00,"Full-frame 6K Blackmagic RAW internal recording at $2,595 | First Blackmagic camera with phase-detect autofocus | L-mount provides access to Sigma, Panasonic, and Leica lenses",AF is functional but significantly less reliable than Sony or Canon systems | No in-body image stabilization | NP-F570 battery provides limited recording time,narrative film | commercial | music video | documentary,intermediate | advanced | professional
blackmagic-pyxis,Blackmagic PYXIS 6K,Blackmagic,Leica L,2595,3295,,,Full Frame,24.6,6K,6K36 | 4K60 | 2K120,12-bit RAW,basic,Basic phase-detect AF,False,,980,good,True,True,NP-F570,45,CFexpress Type B,2,4.5,2,13,Yes,BLPYXIS6KEF,CINECAMCPYXD60LFEF,https://www.bhphotovideo.com/c/product/1823585-REG/blackmagic_design_blpyxis6kef_pyxis_6k_cinema_box.html,https://www.amazon.com/dp/B0DC2XX9QN,https://www.adorama.com/bmpyxis6k.html,,images/blackmagic-pyxis.png,"Full-Frame 6K Sensor | Up to 6K36 fps Open Gate / 6K Anamorphic | 13-Stop Dynamic Range, Dual-Native ISO | Canon EF Lens Mount | style cinema camera with a lockable Canon EF lens mount and customizable side plates. A full-frame 6K sensor captures rich colors, accurate skin tones, and a wide 13-stop dynamic range with its expanded 36 x 24mm sensor. Record both Blackmagic RAW and H.265 proxy files to the cloud or even stream directly to your social media platform of choice via Ethernet or mobile 4G/5G technology. The PYXIS can film up to 6K Open Gate 3:2 video at 36 fps or 6K Anamorphic 6:5 video at 60 fps, among other selectable resolutions. | REG/blackmagic_design_blpyxis6kef_pyxis_6k_cinema_box.html/overview)",)  In Stock  $3;295.00  +  Save the Tax‡\\ or Pay$275/mo.suggested payments for 12 Mos.§when you use the Payboo credit card. Learn More  1  Add to Cart  Add to Wish List  Free 2-Day Shipping  Protect Your Gear  Add a protection plan from$155.99  See Options  Used from$2;997.95  Kit Configuration  21 + 45mm Lenses + Case\\ \+ $2;669.00  Base\\ \\ $3;295.00  Lens Mount  ARRI PL\\ \+ $220.00  Canon EF\\ \\ $3;295.00  Leica L\\ \+ $0,"Full-size XLR audio inputs with phantom power | Box-style body designed for rigging, studio, and multi-camera setups | Same full-frame 6K Blackmagic RAW as the Cinema Camera 6K",No built-in screen. Requires an external monitor | Not practical for handheld or run-and-gun shooting | Same basic AF limitations as other Blackmagic cameras,narrative film | commercial | music video | studio | multicam,advanced | professional
fujifilm-xh2s,Fujifilm X-H2S,Fujifilm,Fujifilm X,2499,2899,,,APS-C,26.1,6.2K,6.2K30 | 4K120 | 4K60 | 1080p240,8/10-bit,good,Phase-detect AF with subject detection,True,5-axis IBIS (up to 7 stops),660,good,True,True,NP-W235,80,CFexpress Type B,2,5.0,2,54,No,FUXH2S,16756924,https://www.bhphotovideo.com/c/product/1708265-REG/fujifilm_16756924_x_h2s_mirrorless_camera.html,https://www.amazon.com/dp/B0B1VKPVW4,https://www.adorama.com/ifjxh2s.html,https://static.bhphoto.com/images/images500x500/1653990649_1708265.jpg,images/fujifilm-xh2s.png,"26.1MP APS-C X-Trans Stacked BSI Sensor | 4K 120p, 6.2K 30p, FHD 240p 10-Bit Video | Internal ProRes 422 HQ and F-Log 2 | 7-Stop In-Body Image Stabilization | H2S** is a multimedia mirrorless camera featuring a newly developed X-Trans stacked sensor, refined AF and subject detection, and impressive 6.2K video recording. Topping the X System, this camera mixes the intuitiveness, design, and image quality FUJIFILM is known for with a fresh, speedy approach to video and continuous shooting applications. | REG/fujifilm_16756924_x_h2s_mirrorless_camera.html/overview)",)  Temporarily Out of Stock  Expected availability: Feb 18; 2026  $2;899.95  +  Save the Tax‡\\ or Pay$242/mo.suggested payments for 12 Mos.§when you use the Payboo credit card. Learn More  Request Assistance  Add to Wish List  Free Next Day Delivery  Used for$2;087.95  Lens Options  No Lens\\ \\ $2;899.95  18mm f/1.4\\ \+ $1;199.00  16-80mm f/4\\ \+ $949.00  18-120mm f/4\\ \+ $999.00  16-55mm f/2.8 II\\ \+ $1;399.00  Kit Options See Kits & Details  ![\\ No Kit\\ \\ $2;899.95](https://www.bhphotovideo.com/c/product/1708265-REG/fujifilm16756924xh2smirrorlesscamera.html)  ![\\ Basic Bundle\\ \+ $0](https://www.bhphotovideo.com/c/product/1736768-REG/fujifilmxh2smirrorlesscameraand.html)  ![\\ Essentials+\\ \+ $334.94](https://www.bhphotovideo.com/c/product/1860692-REG/fujifilmxh2sdigitalcamer,Internal Apple ProRes recording with 4K120 capability | 19 built-in Film Simulation modes including Eterna for cinema work | Stacked BSI CMOS sensor provides fast readout with minimal rolling shutter,APS-C sensor has higher noise at high ISO compared to full-frame cameras | Fujifilm X-mount has fewer cinema-oriented lens options than Sony E or Canon RF | Thermal throttling possible during extended high-frame-rate recording,commercial | documentary | YouTube/content | music video | wedding,intermediate | advanced | professional
fujifilm-xh2,Fujifilm X-H2,Fujifilm,Fujifilm X,1999,2299,,,APS-C,40.2,8K,8K30 | 4K60 | 1080p240,8/10-bit,good,Phase-detect AF with subject detection,True,5-axis IBIS (up to 7 stops),660,average,True,True,NP-W235,80,CFexpress Type B,2,5.0,2,56,No,FUXH2,16757045,https://www.bhphotovideo.com/c/product/1726019-REG/fujifilm_16757045_x_h2_digital_camera_body.html,https://www.amazon.com/dp/B0BHRDTLXF,https://www.adorama.com/ifjxh2.html,https://static.bhphoto.com/images/images500x500/1662648410_1726019.jpg,images/fujifilm-xh2.png,"40MP APS-C X-Trans BSI Sensor | 7-Stop In-Body Image Stabilization | 8K 30p, 4K 60p, FHD 240p 10-Bit Video | 5.76m-Dot OLED Electronic Viewfinder | C imaging, the **FUJIFILM X-H2** is a high-resolution mirrorless crop-sensor camera featuring a groundbreaking 40MP BSI sensor and an arsenal of cutting-edge features packed into a small and durable X-series body. Standing atop the X-System lineup, this high performing camera inherits many of the GFX system's advances in digital capture technology to provide image quality, detail, and color rendition never before seen in a crop-sensor camera, while retaining its characteristic compact form factor and sleek design that has garnered the X-System a loyal following worldwide. | REG/fujifilm_16757045_x_h2_digital_camera_body.html/overview)",)  Temporarily Out of Stock  Expected availability: 4-6 Weeks  $2;299.00  +  Save the Tax‡\\ or Pay$192/mo.suggested payments for 12 Mos.§when you use the Payboo credit card. Learn More  Request Assistance  Add to Wish List  Free Next Day Delivery  Used for$1;759.95  Lens Options  No Lens\\ \\ $2;299.00  23mm f/2\\ \+ $499.00  16-55mm f/2.8 II\\ \+ $1;399.00  16-80mm f/4\\ \+ $500.95  16-80mm f/4 & 70-300mm f/4-5.6\\ \+ $1;898.00  Kit Options See Kits & Details  ![\\ No Kit\\ \\ $2;299.00](https://www.bhphotovideo.com/c/product/1726019-REG/fujifilm16757045xh2digitalcamerabody.html)  ![\\ Basic Bundle\\ \+ $0](https://www.bhphotovideo.com/c/product/1736304-REG/fujifilmxh2mirrorlesscameraand.html)  ![\\ Essentials+\\ \+ $184.95](https://www.bhphotovideo.com/c/product/1860591-REG/fujifilmxh2m,Internal 8K30 recording from a 40.2MP APS-C sensor | 40.2MP stills with Fujifilm Film Simulation color profiles | Internal Apple ProRes recording,No 4K120 recording | 40.2MP on APS-C produces visible noise above ISO 3200 | 8K files require fast storage and a powerful editing system,commercial | YouTube/content | documentary,intermediate | advanced
fujifilm-xt5,Fujifilm X-T5,Fujifilm,Fujifilm X,1699,1999,,,APS-C,40.2,6.2K,6.2K30 | 4K60 | 1080p240,8/10-bit,good,Phase-detect AF,True,5-axis IBIS (up to 7 stops),557,average,False,True,NP-W235,70,SD UHS-II,2,5.0,2,40,Yes,FUXT5BJP,16953857,https://www.bhphotovideo.com/c/product/1899771-REG/fujifilm_16953857_x_t5_body_black_coo_japan.html,https://www.amazon.com/dp/B0BLP2NY6Q,https://www.adorama.com/ifjxt5b.html,https://static.bhphoto.com/images/images500x500/1749129395_1899771.jpg,images/fujifilm-xt5.png,"40MP APS-C X-Trans CMOS 5 HR BSI Sensor | 4K 60p, 6.2K 30p 4:2:2 10-Bit Video | 7-Stop In-Body Image Stabilization | 425-Point Intelligent Hybrid AF System | T5** features the newly developed 40MP APS-C X-Trans CMOS 5 HR BSI sensor for simply stunning results. Comparable in size to the original X-T1 and lighter than its predecessor, this camera provides a classic, dial-based layout and cutting-edge technology that includes a seven-stop in-body image stabilization system, Pixel Shift Multi-Shot mode for 160MP files, and action-freezing shutter speeds up to 1/180,000 sec from the electronic shutter. In addition to its versatile suite of stills capabilities, the X-T5 is also a highly capable moviemaking machine, recording up to 6.2K in 4:2:2 10-bit color internally or 12-bit ProRes RAW and Blackmagic RAW via HDMI. | REG/fujifilm_16953857_x_t5_body_black_coo_japan.html/overview)",)  In Stock  $1;999.00  +  Save the Tax‡\\ or Pay$167/mo.suggested payments for 12 Mos.§when you use the Payboo credit card. Learn More  1  Add to Cart  Add to Wish List  Free 2-Day Shipping  Protect Your Gear  Add a protection plan from$95.99  See Options  Used for$1;638.95  Color  ![\\ Black\\ \\ $1;999.00](https://www.bhphotovideo.com/c/product/1899771-REG/fujifilm16953857xt5bodyblackcoojapan.html)  ![\\ Silver\\ \+ $0](https://www.bhphotovideo.com/c/product/1899774-REG/fujifilm16953883xt5bodysilvercoojapan.html)  Lens Options  No Lens\\ \\ $1;999.00  16-50mm f/2.8-4.8\\ \+ $400.00  16-55mm f/2.8 II\\ \\ —  16-80mm f/4\\ \+ $500.95  23mm f/2\\ \\ —  Kit Options See Kits & Details  ![\\ No Kit\\ \\ $1;999.00](https://www.bhphotovideo.com/c/product/1899771-REG/fujifilm16953857xt5bodyblack,Dedicated shutter speed and ISO dials with a classic rangefinder body design | 40.2MP sensor with 19 Film Simulation modes for distinctive color rendering | 6.2K30 and 4K60 10-bit internal recording,Three-way tilt screen does not flip out for front-facing vlogging | No internal ProRes recording | Designed primarily for photography. Video features are secondary,YouTube/content | documentary | social media,beginner | intermediate | advanced
fujifilm-xs20,Fujifilm X-S20,Fujifilm,Fujifilm X,1299,1499,,717,APS-C,26.1,6.2K,6.2K30 | 4K60 | 1080p240,8/10-bit,good,Phase-detect AF,True,5-axis IBIS (up to 7 stops),491,good,False,False,NP-W235,70,SD UHS-II,1,,0,35,Yes,FUXS20,16781852,https://www.bhphotovideo.com/c/product/1765968-REG/fujifilm_16781852_x_s20_mirrorless_camera_black.html,https://www.amazon.com/dp/B0C5HZSXGL,https://www.adorama.com/ifjxs20.html,https://static.bhphoto.com/images/images500x500/1684907149_1765968.jpg,images/fujifilm-xs20.png,"26.1MP APS-C X-Trans BSI CMOS 4 Sensor | X-Processor 5 Image Processor | 5-Axis In-Body Image Stabilization | 6.2K at 30 fps, 4K at 60 fps | S20** from **FUJIFILM** brings power above its weight class to give photographers and content creators outstanding results on epic journeys and in intimate moments. | REG/fujifilm_16781852_x_s20_mirrorless_camera_black.html/overview)",)  In Stock  $1;499.00  +  Save the Tax‡\\ or Pay$125/mo.suggested payments for 12 Mos.§when you use the Payboo credit card. Learn More  1  Add to Cart  Add to Wish List  Free Next Day Delivery  Protect Your Gear  Add a protection plan from$95.99  See Options  Lens Options  No Lens\\ \\ $1;499.00  16mm f/2.8\\ \+ $449.00  XC 35mm f/2\\ \+ $239.95  15-45mm f/3.5-5.6\\ \+ $100.00  16-50mm f/2.8-4.8\\ \+ $400.00  Kit Options See Kits & Details  ![\\ No Kit\\ \\ $1;499.00](https://www.bhphotovideo.com/c/product/1765968-REG/fujifilm16781852xs20mirrorlesscamerablack.html)  ![\\ Basic Bundle\\ \+ $0](https://www.bhphotovideo.com/c/product/1795713-REG/fujifilmxs20mirrorlesscameraand.html)  ![\\ Content Creation Kit\\ \+ $293.00](https://www.bhphotovideo.com/c/product/1860545-REG/fujifilmxs20mirror,"6.2K30 and 4K60 10-bit recording at $1,299 | 19 Film Simulation modes built in, including Eterna and Classic Neg | 491g body with 5-axis IBIS providing up to 7 stops of compensation","Single SD card slot, no backup recording | No internal ProRes recording | Limited first-party content creator accessories compared to Sony ZV line",YouTube/content | social media | vlogging | documentary,beginner | intermediate
nikon-z6iii,Nikon Z6 III,Nikon,Nikon Z,2499,2096,2696,2277,Full Frame,24.5,6K,6K30 | 4K120 | 4K60 | 1080p240,"12-bit RAW, 10-bit",excellent,3D tracking AF with subject detection,True,5-axis IBIS,760,excellent,True,True,EN-EL15c,90,microSD CFexpress,2,5.0,2,191,Yes,NIZ63,1890,https://www.bhphotovideo.com/c/product/1834803-REG/nikon_z6_iii_mirrorless_camera.html,https://www.amazon.com/dp/B0D64JJQHJ,https://www.adorama.com/nkz6m3.html,https://static.bhphoto.com/images/images500x500/1718610932_1834803.jpg,images/nikon-z6iii.png,"24.5MP Partially-Stacked CMOS Sensor | EXPEED 7 Image Processor | 6K 60p N-RAW, 6K 30p ProRes RAW | 4K 120p, Full HD 240p Slow Motion Video | stacked sensor design, the **Nikon Z6 III Mirrorless Camera** unlocks a number of flagship-level upgrades for this mid-range camera, including faster and more precise autofocus, professional-level 6K internal raw video, pre-capture at up to 120 fps, and a smooth, bright, colorful EVF. Taken together, these upgrades make this mirrorless monster an ideal choice for aspiring professionals in search of an all-around, affordable camera. | REG/nikon_z6_iii_mirrorless_camera.html/overview)",)  In Stock  $2;096.95  ~~$2;696.95~~  Instant Savings$600.00  +  Save the Tax‡\\ or Pay$175/mo.suggested payments for 12 Mos.§when you use the Payboo credit card. Learn More  1  Add to Cart  Add to Wish List  Free Next Day Delivery  Protect Your Gear  Add a protection plan from$119.99  See Options  Used from$1;907.95  Lens Options  No Lens\\ \\ $2;096.95  24-70mm f/4\\ \+ $600.00  24-120mm f/4\\ \+ $896.95  28-400mm f/4-8\\ \+ $1;000.00  50mm f/1.4\\ \+ $450.00  FTZ II Mount Adapter\\ \+ $246.95  Kit Options See Kits & Details  ![\\ No Kit\\ \\ $2;096.95](https://www.bhphotovideo.com/c/product/1834803-REG/nikonz6iiimirrorlesscamera.html)  ![\\ Basic Bundle\\ \+ $0](https://www.bhphotovideo.com/c/product/1853975-REG/nikonz6iiimirrorlesscamera.html)  ![\\ Essentials+\\ \+ $259.94](https://w,"Internal N-RAW recording with 4K120 capability at $2,499 | Partially stacked CMOS sensor provides fast readout with minimal rolling shutter | Nikon's improved 3D tracking AF with subject detection for people, animals, and vehicles",Nikon Z lens ecosystem has fewer third-party options than Sony E mount | Requires proprietary microSD-form CFexpress cards | N-Log color workflow is less widely supported in post-production software,wedding | documentary | commercial | YouTube/content | music video,intermediate | advanced | professional
nikon-z8,Nikon Z8,Nikon,Nikon Z,3996,3496,4296,2363,Full Frame,45.7,8K,8K30 | 4K120 | 4K60 | 1080p240,"12-bit RAW, 10-bit",excellent,3D tracking AF with subject detection,True,5-axis IBIS (up to 6 stops),910,good,True,True,EN-EL15c,80,CFexpress Type B,2,4.5,2,375,Yes,NIZ8,1695,https://www.bhphotovideo.com/c/product/1765622-REG/nikon_z8_mirrorless_camera.html,https://www.amazon.com/dp/B0C3GM1BXH,https://www.adorama.com/nkz8.html,https://static.bhphoto.com/images/images500x500/1683705043_1765622.jpg,images/nikon-z8.png,"45.7MP FX-Format Stacked CMOS Sensor | Lightweight Design, 30% Smaller than Z9 | 8.3K 60p N-RAW, 4.1K 60p ProRes RAW | 8K30p and 4K120p Video, 10-Bit Internal | REG/nikon_z8_mirrorless_camera.html/overview)",)  In Stock  $3;496.95  ~~$4;296.95~~  Instant Savings$800.00  +  Save the Tax‡\\ or Pay$292/mo.suggested payments for 12 Mos.§when you use the Payboo credit card. Learn More  1  Add to Cart  Add to Wish List  Free Next Day Delivery  Protect Your Gear  Add a protection plan from$155.99  See Options  Used from$3;076.95  Lens Options  No Lens\\ \\ $3;496.95  14-24mm f/2.8\\ \+ $2;096.95  24-120mm f/4\\ \+ $900.00  24-70mm f/2.8\\ \+ $1;996.95  50mm f/1.4\\ \+ $496.95  180-600mm f/5.6-6.3\\ \+ $1;750.00  FTZ II Mount Adapter\\ \+ $246.95  Kit Options See Kits & Details  ![\\ No Kit\\ \\ $3;496.95](https://www.bhphotovideo.com/c/product/1765622-REG/nikonz8mirrorlesscamera.html)  ![\\ Basic Bundle\\ \+ $0](https://www.bhphotovideo.com/c/product/1781431-REG/nikonz8mirrorlesscamera.html)  ![\\ Es,"Internal 8K N-RAW recording with the same stacked sensor as the Z9 | 45.7MP stacked CMOS sensor with fast readout and no blackout during burst shooting | Subject-detection AF tracking for people, animals, and vehicles","Tilt-only screen, no vari-angle for front-facing recording | 45.7MP generates large files and may be more resolution than needed for 4K delivery | Thermal throttling possible during extended 8K recording sessions",commercial | documentary | narrative film | wedding | music video,advanced | professional
nikon-z50ii,Nikon Z50 II,Nikon,Nikon Z,1099,1006,,2637,APS-C (DX),20.9,4K,4K60 | 4K30 | 1080p120,8/10-bit,good,Hybrid AF with subject detection,False,,550,average,False,False,EN-EL25a,65,SD UHS-II,1,4.5,2,67,Yes,NIZ502,1784,https://www.bhphotovideo.com/c/product/1860621-REG/nikon_1784_z50_ii_mirrorless_camera.html,https://www.amazon.com/dp/B0DG8N4VRZ,https://www.adorama.com/nkz50m2.html,https://static.bhphoto.com/images/images500x500/1730933446_1860621.jpg,images/nikon-z50ii.png,"20.9MP DX-Format CMOS Sensor | EXPEED 7 Image Processor | UHD 4K60p/Full HD 120fps Video Recording | Improved Autofocus, 9 Subject Detection | C CMOS sensor and an interchangeable lens mount with a host of flagship features and compatibility with the entire NIKKOR Z lens lineup to elevate your content beyond the smartphone. | REG/nikon_1784_z50_ii_mirrorless_camera.html/overview)",)  In Stock  $1;006.95  +  Save the Tax‡\\ or Pay$84/mo.suggested payments for 12 Mos.§when you use the Payboo credit card. Learn More  1 Free Item Included ($99.00)  1  Add to Cart  Add to Wish List  Free Next Day Delivery  Protect Your Gear  Add a protection plan from$95.99  See Options  Used from$889.95  Lens Options  No Lens\\ \\ $1;006.95  24mm f/1.7\\ \+ $266.95  12-28mm f/3.5-5.6\\ \+ $336.95  16-50mm f/3.5-6.3\\ \+ $140.00  18-140mm f/3.5-6.3\\ \+ $476.95  16-50mm & 50-250mm\\ \+ $390.00  Kit Options See Kits & Details  ![\\ No Kit\\ \\ $1;006.95](https://www.bhphotovideo.com/c/product/1860621-REG/nikon1784z50iimirrorlesscamera.html)  ![\\ Basic Bundle\\ \+ $0](https://www.bhphotovideo.com/c/product/1862813-REG/nikonz50iimirrorlesscamera.html)  ![\\ Essentials+\\ \+ $128.94](https:,"4K60 with N-Log recording in a Nikon Z body for $1,099 | Improved hybrid AF system with subject detection | Compact 550g body suitable for travel and vlogging",No in-body image stabilization | Limited native DX (APS-C) Nikon Z lens selection | Single SD card slot,YouTube/content | social media | vlogging,beginner | intermediate
dji-osmo-pocket3,DJI Osmo Pocket 3,DJI,Fixed lens,519,499,,,1 inch,20,4K,4K120 | 4K60 | 1080p240,8/10-bit,good,Phase-detect AF,True,3-axis mechanical gimbal,179,good,False,False,Built-in,120,microSD,1,5.0,2,204,Yes,DJOP3,CP,https://www.bhphotovideo.com/c/product/1788803-REG/dji_cp_os_00000301_01_osmo_pocket_3.html,https://www.amazon.com/dp/B0CK19TPXH,https://www.adorama.com/djiosmop3.html,,images/dji-osmo-pocket3.png,"3-Axis Gimbal Mechanical Stabilizer | 1"" CMOS Sensor, Full-Pixel Fast Focusing | Up to 4K120 Resolution | 2"" Rotatable Screen | pixel fast focusing, ensuring high-quality, low-noise footage acquisition even in high-contrast environments and with resolutions up to UHD 4K120. Three built-in microphones capture stereophonic sound while reducing ambient noise, and new software enhancements bring ActiveTrack 6.0 to your fingertips for precise subject tracking in both photo and video modes with smart horizontal and vertical shooting modes as well as D-Log M and 10-bit support. | REG/dji_cp_os_00000301_01_osmo_pocket_3.html/overview)",)  In Stock  $499.00  +  Save the Tax‡\\ or Pay$84/mo.suggested payments for 6 Mos.§when you use the Payboo credit card. Learn More  1  Add to Cart  Add to Wish List  Free 2-Day Shipping  Protect Your Gear  Add a protection plan from$69.99  See Options  Kit Configuration  Gimbal Camera Only  Starter Kit  Blade Arm Kit  Mount Expansion Kit  Power Expansion Vlog Combo Kit  Creator Combo  Creator Combo + Hard Case  Creator Combo + Blade Arm Kit  Accessory Bundle  Creator Combo + LED Light Expansion Kit  Creator Combo + Mount Expansion Kit  Done-Like Imaging Kit (14')  Done-Like Imaging Kit (20')  Done-Like Imaging Kit (9')  Accessory Mounting Expander Kit  Chat  Request Callback  Email  800-606-6969  - Overview - [,"Built-in 3-axis mechanical gimbal stabilization in a 179g pocket-sized body | 1-inch CMOS sensor, larger than most action cameras and smartphones | 4K120 and 10-bit D-Log M recording","Fixed 20mm equivalent lens, no interchangeable optics | 1-inch sensor cannot match APS-C or full-frame depth of field and low-light performance | Gimbal mechanism is delicate and can be damaged by impacts",social media | vlogging | YouTube/content | BTS | travel,beginner | intermediate
gopro-hero13,GoPro HERO13 Black,GoPro,Fixed lens,399,329,429,,1/1.9 inch,27,5.3K,5.3K30 | 4K120 | 4K60 | 2.7K240,8/10-bit,good,Fixed focus,True,HyperSmooth 6.0 EIS,154,poor,False,False,Built-in (replaceable),70,microSD,1,5.0,2,73,Yes,GOH13BLK,CHDHX-131-TH,https://www.bhphotovideo.com/c/product/1846709-REG/gopro_chdhx_131_th_hero13_black.html,https://www.amazon.com/dp/B0DCFB1ZYT,https://www.adorama.com/gpchdhx131.html,https://static.bhphoto.com/images/images500x500/1725439835_1846709.jpg,images/gopro-hero13.png,"27MP with Improved Performance | 5.3K60/4K120/2.7K240 Video, 27MP Photos | Auto Adjusts for HB-Series Lenses | Upgraded Mounting Ecosystem | series lens mods. The 1/1.9"" image sensor can capture 27MP raw still photos as well as 5.3K60, 4K120, and 2.7K240 video with ease. HyperSmooth 6.0 digital image stabilization with AutoBoost ensures your footage remains high quality while reducing image cropping. The HERO13 Black includes a new 1900mAh Enduro battery for longer runtimes in all weather conditions as well as additional power accessories not previously available. | REG/gopro_chdhx_131_th_hero13_black.html/overview)",)  In Stock  $329.99  ~~$429.99~~  Instant Savings$100.00  +  Save the Tax‡\\ or Pay$55/mo.suggested payments for 6 Mos.§when you use the Payboo credit card. Learn More  1  Add to Cart  Add to Wish List  Free 2-Day Shipping  Protect Your Gear  Add a protection plan from$53.99  See Options  Color  ![\\ Black](https://www.bhphotovideo.com/c/product/1846709-REG/goprochdhx131thhero13black.html)  ![\\ Forest Green](https://www.bhphotovideo.com/c/product/1900851-REG/goprochdhx133thhero13blackinforest.html)  ![\\ Polar White](https://www.bhphotovideo.com/c/product/1882384-REG/goprochdhx132thhero13polarwhite.html)  Kit Configuration  Battery & Hand Grip  HB-Series Lens Collection  Creator Edition Bundle  Cinematic Pro Bundle  Base  2 Batteries; Memory Card & Accessories  Dive Bundle  ND Filter Bun,HyperSmooth 6.0 electronic stabilization with horizon lock up to 360 degrees | Waterproof to 33ft (10m) without a housing | Magnetic latch mounting system for quick attachment and removal,1/1.9-inch sensor produces visible noise in low light | Heavy H.265 compression can limit grading flexibility | Battery life is approximately 60-80 minutes of continuous 4K recording,action/sports | social media | vlogging | BTS | travel,beginner | intermediate
red-komodo,RED KOMODO 6K,RED,Canon RF,5995,2995,,,Super 35,19.9,6K,6K40 | 4K60 | 2K120,16-bit RAW,manual only,,False,,1010,average,True,False,RED Brick,60,CFast 2.0,1,4.5,2,42,Yes,REKOMB,710-0333,https://www.bhphotovideo.com/c/product/1598390-REG/red_digital_cinema_710_0333_komodo_6k_digital_cinema.html,https://www.amazon.com/dp/B096LHCCXM,https://www.adorama.com/rdkomodo6k.html,,images/red-komodo.png,"19.9MP Super35 Global Shutter CMOS | Compact, 2.1 lb All-in-One Design | Canon RF Lens & CFast 2.0 Support | 16+ Stops Dynamic Range | in-one design that weighs just 2.1 lb and measures about 4 x 4 x 4"". Key to achieving this goal was the use of the Canon RF lens mount and the KOMODO 19.9MP Super35 CMOS sensor which boasts Global Shutter technology. This sensor can create images with 16+ stops dynamic range and eliminates rolling shutter artifacts. Users can also be certain they are getting RED quality thanks to the ability to record up to 6K at 40 fps, 5K at 48 fps, 4K at 60 fps, and 2K at 120 fps in REDCODE RAW for incredible flexibility in post-production. | REG/red_digital_cinema_710_0333_komodo_6k_digital_cinema.html/overview)",)  In Stock  $2;995.00  +  Save the Tax‡\\ or Pay$250/mo.suggested payments for 12 Mos.§when you use the Payboo credit card. Learn More  Special Offers  V-RAPTOR Trade-In Promotion  Offer expires:      - This item cannot be returned.   1  Add to Cart  Add to Wish List  Free 2-Day Shipping  Protect Your Gear  Add a protection plan from$119.99  See Options  Configuration  Body Only\\ \\ $2;995.00  Starter Pack\\ \+ $1;455.00  Production Kit\\ \+ $2;500.00  Video Chat  Chat  Request Callback  Email  800-606-6969  - Overview - [,"16-bit REDCODE RAW recording, the same codec used on major film productions | Canon RF mount provides access to both cinema and photo lenses | Relatively compact cinema body at 1,010g for a RED camera","$5,995 is body only. A production-ready rig typically costs $10,000+ | No built-in monitor, audio inputs, or autofocus | REDCODE RAW files require a high-performance editing workstation",narrative film | commercial | music video,professional
